gene_id,mean_abs_shap
ENSG00000154451.14,0.23571663
ENSG00000202079.1,0.23293735
ENSG00000188573.8,0.22733445
ENSG00000211892.4,0.19704193
ENSG00000255823.5,0.14526848
ENSG00000164850.15,0.09322656
ENSG00000209082.1,0.08337372
ENSG00000267466.1,0.08000644
ENSG00000226816.3,0.076755285
ENSG00000099260.11,0.07124496
ENSG00000177791.12,0.06502824
ENSG00000182379.10,0.064482406
ENSG00000089692.9,0.062996395
ENSG00000100385.14,0.061647706
ENSG00000151364.17,0.057951964
ENSG00000240671.4,0.054911446
ENSG00000215915.10,0.054550935
ENSG00000210049.1,0.050585765
ENSG00000187689.10,0.046612233
ENSG00000148798.11,0.04305034
ENSG00000151224.13,0.036366954
ENSG00000229637.4,0.035535865
ENSG00000174827.14,0.031574797
ENSG00000243836.5,0.031360142
ENSG00000165238.16,0.030942395
ENSG00000226780.1,0.030752983
ENSG00000125434.11,0.030553222
ENSG00000182103.5,0.03041832
ENSG00000198075.10,0.028653137
ENSG00000217442.4,0.028338166
ENSG00000160867.15,0.027970666
ENSG00000101282.9,0.027539426
ENSG00000196205.8,0.027225493
ENSG00000239405.1,0.0249906
ENSG00000170689.10,0.023684528
ENSG00000211930.1,0.023659332
ENSG00000211655.3,0.023286784
ENSG00000124935.4,0.022456044
ENSG00000196260.5,0.022238506
ENSG00000163584.18,0.021847118
ENSG00000269621.1,0.02159672
ENSG00000211752.3,0.021421509
ENSG00000155850.8,0.020818176
ENSG00000101255.11,0.020655937
ENSG00000282320.1,0.019835522
ENSG00000174950.11,0.01966112
ENSG00000128011.5,0.019357428
ENSG00000235162.9,0.019334028
ENSG00000205426.10,0.01921053
ENSG00000101441.4,0.018667249
