sample_barcode,patient_12,subtype_clean,os_days_str,disease_status,pfs_days_str,stage,histology_grade,histology_type,grade,vital_status_true,race,ethnicity,os_days_num,pfs_days_num,event
TCGA-A5-A0GM-01A-11R-A040-07,TCGA-A5-A0GM,NSMP,1840,NoDisease,37,Stage I,EndoGr1,Endometrioid,Grade 1,LIVING,WHITE,NOT HISPANIC OR LATINO,1840.0,37.0,0.0
TCGA-BG-A0MS-01A-11R-A104-07,TCGA-BG-A0MS,NSMP,937,NoDisease,25,Stage III,EndoGr3,Endometrioid,Grade 3,LIVING,WHITE,NOT HISPANIC OR LATINO,937.0,25.0,0.0
TCGA-BG-A0M8-01A-12R-A104-07,TCGA-BG-A0M8,CNV,1110,NoDisease,81,Stage I,EndoGr3,Endometrioid,Grade 3,LIVING,WHITE,NOT HISPANIC OR LATINO,1110.0,81.0,0.0
TCGA-AP-A05D-01A-11R-A00V-07,TCGA-AP-A05D,CNV,1758,NoDisease,37,Stage III,SerousGr3,Serous,Grade 3,LIVING,WHITE,Unknown,1758.0,37.0,0.0
TCGA-AX-A2HF-01A-11R-A17B-07,TCGA-AX-A2HF,CNV,489,NoDisease,28,Stage I,SerousGr3,Serous,Grade 3,LIVING,WHITE,NOT HISPANIC OR LATINO,489.0,28.0,0.0
TCGA-BG-A0YU-01A-21R-A10J-07,TCGA-BG-A0YU,NSMP,451,NoDisease,43,Stage I,EndoGr1,Endometrioid,Grade 1,LIVING,WHITE,NOT HISPANIC OR LATINO,451.0,43.0,0.0
TCGA-D1-A102-01A-11R-A10J-07,TCGA-D1-A102,NSMP,135,NoDisease,38,Stage I,EndoGr2,Endometrioid,Grade 2,LIVING,WHITE,NOT HISPANIC OR LATINO,135.0,38.0,0.0
TCGA-FI-A2EX-01A-11R-A17B-07,TCGA-FI-A2EX,CNV,276,WithDisease,37,Stage III,SerousGr3,Serous,Grade 3,LIVING,WHITE,NOT HISPANIC OR LATINO,276.0,37.0,0.0
TCGA-AP-A05P-01A-11R-A16W-07,TCGA-AP-A05P,NSMP,636,NoDisease,28,Stage I,EndoGr1,Endometrioid,Grade 1,LIVING,ASIAN,NOT HISPANIC OR LATINO,636.0,28.0,0.0
TCGA-AX-A05Y-01A-11R-A00V-07,TCGA-AX-A05Y,MSI,2191,NoDisease,33,Stage I,EndoGr1,Endometrioid,Grade 1,LIVING,WHITE,NOT HISPANIC OR LATINO,2191.0,33.0,0.0
TCGA-D1-A0ZQ-01A-11R-A118-07,TCGA-D1-A0ZQ,NSMP,260,NoDisease,28,Stage I,EndoGr2,Endometrioid,Grade 2,LIVING,WHITE,NOT HISPANIC OR LATINO,260.0,28.0,0.0
TCGA-BG-A0MC-01A-21R-A040-07,TCGA-BG-A0MC,NSMP,1263,NoDisease,56,Stage I,EndoGr1,Endometrioid,Grade 1,LIVING,WHITE,NOT HISPANIC OR LATINO,1263.0,56.0,0.0
TCGA-D1-A16D-01A-11R-A12I-07,TCGA-D1-A16D,NSMP,1141,NoDisease,56,Stage I,EndoGr2,Endometrioid,Grade 2,LIVING,WHITE,NOT HISPANIC OR LATINO,1141.0,56.0,0.0
TCGA-AX-A0IU-01A-11R-A16W-07,TCGA-AX-A0IU,CNV,868,NoDisease,30,Stage III,SerousGr3,Serous,Grade 3,LIVING,BLACK OR AFRICAN AMERICAN,NOT HISPANIC OR LATINO,868.0,30.0,0.0
TCGA-D1-A17L-01A-11R-A12I-07,TCGA-D1-A17L,NSMP,802,NoDisease,41,Stage I,EndoGr1,Endometrioid,Grade 1,LIVING,WHITE,NOT HISPANIC OR LATINO,802.0,41.0,0.0
TCGA-BS-A0UA-01A-11R-A118-07,TCGA-BS-A0UA,MSI,2540,Unknown,27,Stage I,EndoGr1,Endometrioid,Grade 1,LIVING,WHITE,NOT HISPANIC OR LATINO,2540.0,27.0,0.0
TCGA-A5-A0G9-01A-11R-A040-07,TCGA-A5-A0G9,MSI,2540,NoDisease,27,Stage I,EndoGr3,Endometrioid,Grade 3,LIVING,WHITE,Unknown,2540.0,27.0,0.0
TCGA-AX-A1CP-01A-11R-A137-07,TCGA-AX-A1CP,CNV,1107,Unknown,22,Stage I,SerousGr3,Serous,Grade 3,LIVING,WHITE,NOT HISPANIC OR LATINO,1107.0,22.0,0.0
TCGA-AP-A0LF-01A-11R-A118-07,TCGA-AP-A0LF,CNV,103,WithDisease,27,Stage IV,EndoGr3,Endometrioid,Grade 3,LIVING,WHITE,NOT HISPANIC OR LATINO,103.0,27.0,0.0
TCGA-BS-A0UL-01A-11R-A109-07,TCGA-BS-A0UL,MSI,36,NoDisease,39,Stage I,EndoGr1,Endometrioid,Grade 1,LIVING,NATIVE HAWAIIAN OR OTHER PACIFIC ISLANDER,NOT HISPANIC OR LATINO,36.0,39.0,0.0
TCGA-D1-A16J-01A-11R-A12I-07,TCGA-D1-A16J,NSMP,909,NoDisease,42,Stage II,EndoGr2,Endometrioid,Grade 2,LIVING,WHITE,NOT HISPANIC OR LATINO,909.0,42.0,0.0
TCGA-D1-A160-01A-11R-A118-07,TCGA-D1-A160,MSI,112,NoDisease,41,Stage I,EndoGr2,Endometrioid,Grade 2,LIVING,WHITE,NOT HISPANIC OR LATINO,112.0,41.0,0.0
TCGA-D1-A0ZN-01A-11R-A118-07,TCGA-D1-A0ZN,NSMP,512,NoDisease,29,Stage I,EndoGr1,Endometrioid,Grade 1,LIVING,WHITE,NOT HISPANIC OR LATINO,512.0,29.0,0.0
TCGA-B5-A11Y-01A-21R-A10J-07,TCGA-B5-A11Y,NSMP,559,NoDisease,24,Stage I,EndoGr1,Endometrioid,Grade 1,LIVING,WHITE,Unknown,559.0,24.0,0.0
TCGA-D1-A17N-01A-11R-A12I-07,TCGA-D1-A17N,NSMP,46,NoDisease,48,Stage I,EndoGr2,Endometrioid,Grade 2,LIVING,Unknown,NOT HISPANIC OR LATINO,46.0,48.0,0.0
TCGA-A5-A0GV-01A-31R-A16W-07,TCGA-A5-A0GV,NSMP,633,NoDisease,25,Stage I,EndoGr1,Endometrioid,Grade 1,LIVING,WHITE,NOT HISPANIC OR LATINO,633.0,25.0,0.0
TCGA-AP-A0LM-01A-11R-A118-07,TCGA-AP-A0LM,POLE,825,NoDisease,36,Stage III,EndoGr3,Endometrioid,Grade 3,LIVING,BLACK OR AFRICAN AMERICAN,Unknown,825.0,36.0,0.0
TCGA-AP-A0LP-01A-12R-A104-07,TCGA-AP-A0LP,MSI,1875,NoDisease,21,Stage I,EndoGr1,Endometrioid,Grade 1,LIVING,WHITE,Unknown,1875.0,21.0,0.0
TCGA-D1-A17H-01A-11R-A12I-07,TCGA-D1-A17H,MSI,852,NoDisease,34,Stage I,EndoGr1,Endometrioid,Grade 1,LIVING,WHITE,NOT HISPANIC OR LATINO,852.0,34.0,0.0
TCGA-D1-A16S-01A-11R-A12I-07,TCGA-D1-A16S,CNV,568,NoDisease,22,Stage III,SerousGr3,Serous,Grade 3,LIVING,WHITE,NOT HISPANIC OR LATINO,568.0,22.0,0.0
TCGA-D1-A17F-01A-11R-A12I-07,TCGA-D1-A17F,MSI,39,NoDisease,31,Stage I,EndoGr2,Endometrioid,Grade 2,LIVING,WHITE,NOT HISPANIC OR LATINO,39.0,31.0,0.0
TCGA-D1-A16Y-01A-31R-A12I-07,TCGA-D1-A16Y,POLE,532,NoDisease,35,Stage I,EndoGr1,Endometrioid,Grade 1,LIVING,WHITE,NOT HISPANIC OR LATINO,532.0,35.0,0.0
TCGA-A5-A0R9-01A-11R-A104-07,TCGA-A5-A0R9,NSMP,749,NoDisease,54,Stage I,EndoGr2,Endometrioid,Grade 2,LIVING,WHITE,NOT HISPANIC OR LATINO,749.0,54.0,0.0
TCGA-B5-A11E-01A-11R-A10J-07,TCGA-B5-A11E,POLE,265,NoDisease,19,Stage I,EndoGr3,Endometrioid,Grade 3,LIVING,WHITE,Unknown,265.0,19.0,0.0
TCGA-BK-A0CC-01B-04R-A277-07,TCGA-BK-A0CC,CNV,311,NoDisease,31,Stage III,SerousGr3,Serous,Grade 3,LIVING,BLACK OR AFRICAN AMERICAN,HISPANIC OR LATINO,311.0,31.0,0.0
TCGA-BK-A0CC-01A-21R-A16W-07,TCGA-BK-A0CC,CNV,311,NoDisease,31,Stage III,SerousGr3,Serous,Grade 3,LIVING,BLACK OR AFRICAN AMERICAN,HISPANIC OR LATINO,311.0,31.0,0.0
TCGA-D1-A167-01A-11R-A12I-07,TCGA-D1-A167,MSI,478,NoDisease,31,Stage I,EndoGr2,Endometrioid,Grade 2,LIVING,WHITE,NOT HISPANIC OR LATINO,478.0,31.0,0.0
TCGA-A5-A0GX-01A-11R-A040-07,TCGA-A5-A0GX,NSMP,2087,NoDisease,40,Stage I,EndoGr2,Endometrioid,Grade 2,LIVING,WHITE,Unknown,2087.0,40.0,0.0
TCGA-A5-A0GI-01A-11R-A040-07,TCGA-A5-A0GI,MSI,1750,NoDisease,23,Stage I,EndoGr2,Endometrioid,Grade 2,LIVING,WHITE,NOT HISPANIC OR LATINO,1750.0,23.0,0.0
TCGA-BG-A0RY-01A-11R-A104-07,TCGA-BG-A0RY,NSMP,469,NoDisease,40,Stage I,EndoGr2,Endometrioid,Grade 2,LIVING,WHITE,NOT HISPANIC OR LATINO,469.0,40.0,0.0
TCGA-B5-A121-01A-31R-A118-07,TCGA-B5-A121,NSMP,504,NoDisease,29,Stage III,EndoGr1,Endometrioid,Grade 1,LIVING,WHITE,Unknown,504.0,29.0,0.0
TCGA-A5-A0GG-01A-11R-A118-07,TCGA-A5-A0GG,MSI,2656,NoDisease,25,Stage I,EndoGr1,Endometrioid,Grade 1,LIVING,Notassigned,BLACK OR AFRICAN AMERICAN,2656.0,25.0,0.0
TCGA-D1-A15W-01A-11R-A118-07,TCGA-D1-A15W,NSMP,915,NoDisease,46,Stage III,EndoGr1,Endometrioid,Grade 1,LIVING,WHITE,NOT HISPANIC OR LATINO,915.0,46.0,0.0
TCGA-BG-A0VW-01A-11R-A118-07,TCGA-BG-A0VW,MSI,131,NoDisease,37,Stage I,EndoGr1,Endometrioid,Grade 1,LIVING,WHITE,NOT HISPANIC OR LATINO,131.0,37.0,0.0
TCGA-BG-A0MT-01A-11R-A104-07,TCGA-BG-A0MT,NSMP,644,NoDisease,25,Stage I,EndoGr2,Endometrioid,Grade 2,LIVING,WHITE,NOT HISPANIC OR LATINO,644.0,25.0,0.0
TCGA-AP-A0LN-01A-11R-A040-07,TCGA-AP-A0LN,NSMP,2510,NoDisease,43,Stage I,EndoGr1,Endometrioid,Grade 1,LIVING,BLACK OR AFRICAN AMERICAN,Unknown,2510.0,43.0,0.0
TCGA-D1-A0ZV-01A-11R-A10J-07,TCGA-D1-A0ZV,NSMP,728,NoDisease,26,Stage I,EndoGr2,Endometrioid,Grade 2,LIVING,WHITE,NOT HISPANIC OR LATINO,728.0,26.0,0.0
TCGA-DI-A1NN-01A-11R-A16F-07,TCGA-DI-A1NN,CNV,1076,Unknown,23,Stage III,SerousGr3,Serous,Grade 3,LIVING,WHITE,NOT HISPANIC OR LATINO,1076.0,23.0,0.0
TCGA-A5-A0GW-01A-11R-A16W-07,TCGA-A5-A0GW,MSI,706,NoDisease,24,Stage I,EndoGr3,Endometrioid,Grade 3,LIVING,ASIAN,NOT HISPANIC OR LATINO,706.0,24.0,0.0
TCGA-B5-A0K8-01A-11R-A14M-07,TCGA-B5-A0K8,CNV,542,NoDisease,23,Stage I,SerousGr3,Serous,Grade 3,LIVING,WHITE,Unknown,542.0,23.0,0.0
TCGA-BG-A0M4-01A-11R-A104-07,TCGA-BG-A0M4,MSI,1064,NoDisease,30,Stage I,EndoGr3,Endometrioid,Grade 3,LIVING,WHITE,NOT HISPANIC OR LATINO,1064.0,30.0,0.0
TCGA-D1-A1NU-01A-11R-A14D-07,TCGA-D1-A1NU,CNV,402,NoDisease,40,Stage I,SerousGr3,Serous,Grade 3,LIVING,WHITE,NOT HISPANIC OR LATINO,402.0,40.0,0.0
TCGA-BS-A0TG-01A-32R-A16W-07,TCGA-BS-A0TG,NSMP,1880,WithDisease,24,Stage I,EndoGr2,Endometrioid,Grade 2,LIVING,WHITE,NOT HISPANIC OR LATINO,1880.0,24.0,0.0
TCGA-B5-A11J-01A-11R-A118-07,TCGA-B5-A11J,MSI,1656,NoDisease,Unknown,Stage I,EndoGr2,Endometrioid,Grade 2,LIVING,MSI,WHITE,1656.0,,0.0
TCGA-BG-A187-01A-11R-A12I-07,TCGA-BG-A187,NSMP,448,NoDisease,23,Stage I,EndoGr2,Endometrioid,Grade 2,LIVING,WHITE,NOT HISPANIC OR LATINO,448.0,23.0,0.0
TCGA-BS-A0TE-01A-11R-A104-07,TCGA-BS-A0TE,MSI,146,WithDisease,32,Unknown,EndoGr3,Endometrioid,Grade 3,DECEASED,ASIAN,NOT HISPANIC OR LATINO,146.0,32.0,1.0
TCGA-D1-A0ZR-01A-21R-A10J-07,TCGA-D1-A0ZR,NSMP,17,NoDisease,42,Stage I,EndoGr2,Endometrioid,Grade 2,LIVING,WHITE,NOT HISPANIC OR LATINO,17.0,42.0,0.0
TCGA-B5-A0JV-01A-11R-A104-07,TCGA-B5-A0JV,MSI,1237,NoDisease,34,Stage I,EndoGr2,Endometrioid,Grade 2,LIVING,BLACK OR AFRICAN AMERICAN,Unknown,1237.0,34.0,0.0
TCGA-AX-A0IS-01A-12R-A10J-07,TCGA-AX-A0IS,NSMP,1065,WithDisease,46,Stage I,EndoGr2,Endometrioid,Grade 2,LIVING,WHITE,NOT HISPANIC OR LATINO,1065.0,46.0,0.0
TCGA-BS-A0V8-01A-11R-A118-07,TCGA-BS-A0V8,CNV,1507,NoDisease,34,Stage II,EndoGr2,Endometrioid,Grade 2,LIVING,NATIVE HAWAIIAN OR OTHER PACIFIC ISLANDER,NOT HISPANIC OR LATINO,1507.0,34.0,0.0
TCGA-B5-A0JY-01A-11R-A104-07,TCGA-B5-A0JY,POLE,1003,NoDisease,23,Stage III,EndoGr3,Endometrioid,Grade 3,LIVING,WHITE,Unknown,1003.0,23.0,0.0
TCGA-BS-A0V6-01A-11R-A118-07,TCGA-BS-A0V6,NSMP,1650,NoDisease,33,Stage I,EndoGr1,Endometrioid,Grade 1,LIVING,ASIAN,NOT HISPANIC OR LATINO,1650.0,33.0,0.0
TCGA-EY-A1GS-01A-11R-A13S-07,TCGA-EY-A1GS,CNV,459,WithDisease,23,Stage IV,SerousGr3,Serous,Grade 3,LIVING,BLACK OR AFRICAN AMERICAN,NOT HISPANIC OR LATINO,459.0,23.0,0.0
TCGA-D1-A0ZS-01A-11R-A118-07,TCGA-D1-A0ZS,MSI,147,NoDisease,23,Stage I,EndoGr3,Endometrioid,Grade 3,LIVING,WHITE,NOT HISPANIC OR LATINO,147.0,23.0,0.0
TCGA-B5-A11V-01A-11R-A10J-07,TCGA-B5-A11V,NSMP,594,NoDisease,28,Stage I,EndoGr1,Endometrioid,Grade 1,LIVING,BLACK OR AFRICAN AMERICAN,Unknown,594.0,28.0,0.0
TCGA-D1-A103-01A-11R-A10J-07,TCGA-D1-A103,POLE,669,NoDisease,26,Stage I,EndoGr1,Endometrioid,Grade 1,LIVING,WHITE,NOT HISPANIC OR LATINO,669.0,26.0,0.0
TCGA-BS-A0TD-01A-11R-A104-07,TCGA-BS-A0TD,NSMP,2002,NoDisease,35,Stage I,EndoGr1,Endometrioid,Grade 1,LIVING,ASIAN,NOT HISPANIC OR LATINO,2002.0,35.0,0.0
TCGA-AP-A05H-01A-11R-A00V-07,TCGA-AP-A05H,CNV,1385,NoDisease,38,Stage I,SerousGr3,Serous,Grade 3,LIVING,WHITE,Unknown,1385.0,38.0,0.0
TCGA-A5-A0R6-01A-11R-A104-07,TCGA-A5-A0R6,CNV,607,NoDisease,27,Stage III,SerousGr3,Serous,Grade 3,LIVING,Unknown,Unknown,607.0,27.0,0.0
TCGA-B5-A0K2-01A-12R-A104-07,TCGA-B5-A0K2,MSI,788,NoDisease,33,Stage I,EndoGr1,Endometrioid,Grade 1,LIVING,WHITE,Unknown,788.0,33.0,0.0
TCGA-A5-A0GP-01A-11R-A040-07,TCGA-A5-A0GP,POLE,1416,NoDisease,23,Stage I,EndoGr1,Endometrioid,Grade 1,LIVING,ASIAN,NOT HISPANIC OR LATINO,1416.0,23.0,0.0
TCGA-AX-A05S-01A-11R-A00V-07,TCGA-AX-A05S,MSI,413,WithDisease,20,Stage III,EndoGr3,Endometrioid,Grade 3,DECEASED,WHITE,NOT HISPANIC OR LATINO,413.0,20.0,1.0
TCGA-AX-A05Z-01A-11R-A00V-07,TCGA-AX-A05Z,POLE,1413,NoDisease,29,Stage III,EndoGr2,Endometrioid,Grade 2,LIVING,Unknown,HISPANIC OR LATINO,1413.0,29.0,0.0
TCGA-BG-A2AE-01A-11R-A16F-07,TCGA-BG-A2AE,NSMP,16,Unknown,42,Stage I,EndoGr3,Endometrioid,Grade 3,LIVING,WHITE,NOT HISPANIC OR LATINO,16.0,42.0,0.0
TCGA-AX-A0J1-01A-11R-A040-07,TCGA-AX-A0J1,MSI,2004,NoDisease,22,Stage I,EndoGr2,Endometrioid,Grade 2,LIVING,WHITE,NOT HISPANIC OR LATINO,2004.0,22.0,0.0
TCGA-AP-A052-01A-11R-A00V-07,TCGA-AP-A052,CNV,669,WithDisease,46,Stage IV,SerousGr3,Serous,Grade 3,DECEASED,BLACK OR AFRICAN AMERICAN,Unknown,669.0,46.0,1.0
TCGA-D1-A17S-01A-11R-A12I-07,TCGA-D1-A17S,NSMP,739,NoDisease,42,Stage I,EndoGr1,Endometrioid,Grade 1,LIVING,WHITE,NOT HISPANIC OR LATINO,739.0,42.0,0.0
TCGA-EO-A1Y8-01A-11R-A157-07,TCGA-EO-A1Y8,CNV,328,NoDisease,27,Stage I,SerousGr3,Serous,Grade 3,LIVING,Unknown,Unknown,328.0,27.0,0.0
TCGA-AX-A05T-01A-11R-A00V-07,TCGA-AX-A05T,NSMP,603,NoDisease,23,Stage I,EndoGr1,Endometrioid,Grade 1,LIVING,WHITE,Unknown,603.0,23.0,0.0
TCGA-D1-A163-01A-11R-A12I-07,TCGA-D1-A163,MSI,991,NoDisease,38,Stage III,EndoGr2,Endometrioid,Grade 2,LIVING,WHITE,NOT HISPANIC OR LATINO,991.0,38.0,0.0
TCGA-EY-A212-01A-11R-A14M-07,TCGA-EY-A212,CNV,303,WithDisease,32,Stage III,SerousGr3,Serous,Grade 3,DECEASED,WHITE,NOT HISPANIC OR LATINO,303.0,32.0,1.0
TCGA-BS-A0U5-01A-11R-A109-07,TCGA-BS-A0U5,NSMP,2204,NoDisease,21,Stage I,EndoGr1,Endometrioid,Grade 1,LIVING,WHITE,NOT HISPANIC OR LATINO,2204.0,21.0,0.0
TCGA-A5-A0R7-01A-31R-A16W-07,TCGA-A5-A0R7,CNV,534,NoDisease,49,Stage I,EndoGr2,Endometrioid,Grade 2,LIVING,WHITE,NOT HISPANIC OR LATINO,534.0,49.0,0.0
TCGA-D1-A16X-01A-11R-A12I-07,TCGA-D1-A16X,POLE,111,NoDisease,39,Stage I,EndoGr2,Endometrioid,Grade 2,LIVING,WHITE,NOT HISPANIC OR LATINO,111.0,39.0,0.0
TCGA-BG-A0M6-01A-31R-A104-07,TCGA-BG-A0M6,CNV,671,NoDisease,23,Stage III,SerousGr3,Serous,Grade 3,DECEASED,WHITE,NOT HISPANIC OR LATINO,671.0,23.0,1.0
TCGA-BG-A0M7-01A-11R-A040-07,TCGA-BG-A0M7,NSMP,1167,NoDisease,39,Stage III,EndoGr2,Endometrioid,Grade 2,LIVING,WHITE,NOT HISPANIC OR LATINO,1167.0,39.0,0.0
TCGA-AP-A0LE-01A-11R-A104-07,TCGA-AP-A0LE,MSI,3357,NoDisease,29,Stage I,EndoGr3,Endometrioid,Grade 3,LIVING,WHITE,Unknown,3357.0,29.0,0.0
TCGA-BG-A0MU-01A-11R-A104-07,TCGA-BG-A0MU,NSMP,231,NoDisease,29,Stage III,EndoGr1,Endometrioid,Grade 1,LIVING,WHITE,NOT HISPANIC OR LATINO,231.0,29.0,0.0
TCGA-D1-A16G-01A-31R-A12I-07,TCGA-D1-A16G,CNV,834,WithDisease,25,Stage IV,SerousGr3,Serous,Grade 3,DECEASED,WHITE,NOT HISPANIC OR LATINO,834.0,25.0,1.0
TCGA-D1-A1NX-01A-11R-A16F-07,TCGA-D1-A1NX,CNV,555,WithDisease,34,Stage III,SerousGr3,Serous,Grade 3,LIVING,WHITE,NOT HISPANIC OR LATINO,555.0,34.0,0.0
TCGA-B5-A11O-01A-11R-A118-07,TCGA-B5-A11O,NSMP,1245,NoDisease,36,Stage I,EndoGr1,Endometrioid,Grade 1,LIVING,WHITE,Unknown,1245.0,36.0,0.0
TCGA-AP-A0LH-01A-11R-A16W-07,TCGA-AP-A0LH,CNV,1106,WithDisease,30,Stage I,MixedGr3,Mixed,Grade 3,DECEASED,WHITE,NOT HISPANIC OR LATINO,1106.0,30.0,1.0
TCGA-D1-A161-01A-11R-A118-07,TCGA-D1-A161,NSMP,892,NoDisease,28,Stage I,EndoGr1,Endometrioid,Grade 1,LIVING,WHITE,NOT HISPANIC OR LATINO,892.0,28.0,0.0
TCGA-AP-A05N-01A-11R-A00V-07,TCGA-AP-A05N,MSI,726,NoDisease,46,Stage I,EndoGr1,Endometrioid,Grade 1,DECEASED,WHITE,Unknown,726.0,46.0,1.0
TCGA-B5-A11U-01A-11R-A118-07,TCGA-B5-A11U,MSI,509,NoDisease,26,Stage IV,EndoGr3,Endometrioid,Grade 3,LIVING,BLACK OR AFRICAN AMERICAN,Unknown,509.0,26.0,0.0
TCGA-D1-A15X-01A-11R-A118-07,TCGA-D1-A15X,NSMP,909,NoDisease,25,Stage I,SerousGr3,Serous,Grade 3,LIVING,WHITE,NOT HISPANIC OR LATINO,909.0,25.0,0.0
TCGA-A5-A0VQ-01A-11R-A104-07,TCGA-A5-A0VQ,MSI,485,NoDisease,35,Stage I,EndoGr3,Endometrioid,Grade 3,LIVING,Unknown,HISPANIC OR LATINO,485.0,35.0,0.0
TCGA-B5-A0K7-01A-11R-A104-07,TCGA-B5-A0K7,NSMP,519,NoDisease,21,Stage I,EndoGr1,Endometrioid,Grade 1,LIVING,WHITE,Unknown,519.0,21.0,0.0
TCGA-BS-A0U7-01A-21R-A104-07,TCGA-BS-A0U7,MSI,934,NoDisease,24,Stage I,EndoGr2,Endometrioid,Grade 2,DECEASED,WHITE,NOT HISPANIC OR LATINO,934.0,24.0,1.0
TCGA-BK-A0CC-01A-21R-A277-07,TCGA-BK-A0CC,CNV,311,NoDisease,31,Stage III,SerousGr3,Serous,Grade 3,LIVING,BLACK OR AFRICAN AMERICAN,HISPANIC OR LATINO,311.0,31.0,0.0
TCGA-A5-A0G5-01A-11R-A040-07,TCGA-A5-A0G5,CNV,1126,NoDisease,18,Stage I,SerousGr3,Serous,Grade 3,LIVING,BLACK OR AFRICAN AMERICAN,Unknown,1126.0,18.0,0.0
TCGA-BG-A18C-01A-11R-A12I-07,TCGA-BG-A18C,CNV,470,NoDisease,36,Stage I,EndoGr2,Endometrioid,Grade 2,LIVING,WHITE,NOT HISPANIC OR LATINO,470.0,36.0,0.0
TCGA-BG-A0LW-01A-11R-A16W-07,TCGA-BG-A0LW,NSMP,565,NoDisease,57,Stage I,EndoGr2,Endometrioid,Grade 2,LIVING,WHITE,NOT HISPANIC OR LATINO,565.0,57.0,0.0
TCGA-BG-A0VX-01A-11R-A118-07,TCGA-BG-A0VX,NSMP,490,NoDisease,67,Stage I,EndoGr1,Endometrioid,Grade 1,LIVING,WHITE,NOT HISPANIC OR LATINO,490.0,67.0,0.0
TCGA-A5-A0GA-01A-11R-A040-07,TCGA-A5-A0GA,MSI,543,WithDisease,31,Stage III,EndoGr3,Endometrioid,Grade 3,DECEASED,WHITE,NOT HISPANIC OR LATINO,543.0,31.0,1.0
TCGA-D1-A17K-01A-11R-A12I-07,TCGA-D1-A17K,CNV,854,NoDisease,37,Stage I,EndoGr2,Endometrioid,Grade 2,LIVING,WHITE,NOT HISPANIC OR LATINO,854.0,37.0,0.0
TCGA-BS-A0TC-01A-11R-A104-07,TCGA-BS-A0TC,POLE,2260,NoDisease,31,Stage I,EndoGr1,Endometrioid,Grade 1,LIVING,ASIAN,NOT HISPANIC OR LATINO,2260.0,31.0,0.0
TCGA-D1-A169-01A-11R-A12I-07,TCGA-D1-A169,CNV,1135,WithDisease,35,Stage IV,EndoGr2,Endometrioid,Grade 2,LIVING,WHITE,NOT HISPANIC OR LATINO,1135.0,35.0,0.0
TCGA-BG-A0M0-01A-11R-A104-07,TCGA-BG-A0M0,MSI,587,NoDisease,42,Stage I,EndoGr1,Endometrioid,Grade 1,LIVING,WHITE,NOT HISPANIC OR LATINO,587.0,42.0,0.0
TCGA-D1-A101-01A-12R-A10J-07,TCGA-D1-A101,MSI,53,NoDisease,36,Stage I,EndoGr2,Endometrioid,Grade 2,LIVING,WHITE,NOT HISPANIC OR LATINO,53.0,36.0,0.0
TCGA-AP-A0LO-01A-11R-A040-07,TCGA-AP-A0LO,NSMP,1016,WithDisease,26,Stage I,EndoGr2,Endometrioid,Grade 2,DECEASED,WHITE,NOT HISPANIC OR LATINO,1016.0,26.0,1.0
TCGA-B5-A11Q-01A-11R-A118-07,TCGA-B5-A11Q,NSMP,975,NoDisease,33,Stage III,EndoGr1,Endometrioid,Grade 1,LIVING,WHITE,Unknown,975.0,33.0,0.0
TCGA-AP-A0LJ-01A-11R-A040-07,TCGA-AP-A0LJ,NSMP,965,NoDisease,34,Stage I,EndoGr1,Endometrioid,Grade 1,LIVING,WHITE,Unknown,965.0,34.0,0.0
TCGA-D1-A17Q-01A-11R-A12I-07,TCGA-D1-A17Q,POLE,54,NoDisease,23,Stage I,EndoGr2,Endometrioid,Grade 2,LIVING,WHITE,NOT HISPANIC OR LATINO,54.0,23.0,0.0
TCGA-AP-A1DQ-01A-11R-A137-07,TCGA-AP-A1DQ,CNV,1423,WithDisease,22,Stage III,SerousGr3,Serous,Grade 3,DECEASED,WHITE,Unknown,1423.0,22.0,1.0
TCGA-AP-A0LL-01A-12R-A104-07,TCGA-AP-A0LL,NSMP,2554,NoDisease,27,Stage I,EndoGr1,Endometrioid,Grade 1,LIVING,WHITE,Unknown,2554.0,27.0,0.0
TCGA-AX-A2H5-01A-11R-A17B-07,TCGA-AX-A2H5,CNV,2167,Unknown,33,Stage III,SerousGr3,Serous,Grade 3,LIVING,BLACK OR AFRICAN AMERICAN,NOT HISPANIC OR LATINO,2167.0,33.0,0.0
TCGA-BG-A0M9-01A-21R-A104-07,TCGA-BG-A0M9,NSMP,860,NoDisease,36,Stage I,EndoGr2,Endometrioid,Grade 2,LIVING,WHITE,NOT HISPANIC OR LATINO,860.0,36.0,0.0
TCGA-B5-A11H-01A-11R-A118-07,TCGA-B5-A11H,MSI,2687,NoDisease,Unknown,Stage I,EndoGr2,Endometrioid,Grade 2,LIVING,MSI,WHITE,2687.0,,0.0
TCGA-D1-A17B-01A-22R-A12I-07,TCGA-D1-A17B,MSI,212,NoDisease,41,Stage I,EndoGr2,Endometrioid,Grade 2,LIVING,WHITE,NOT HISPANIC OR LATINO,212.0,41.0,0.0
TCGA-D1-A177-01A-21R-A12I-07,TCGA-D1-A177,MSI,548,NoDisease,22,Stage I,EndoGr2,Endometrioid,Grade 2,LIVING,WHITE,NOT HISPANIC OR LATINO,548.0,22.0,0.0
TCGA-BS-A0UT-01A-11R-A104-07,TCGA-BS-A0UT,NSMP,595,NoDisease,28,Stage II,EndoGr2,Endometrioid,Grade 2,LIVING,ASIAN,NOT HISPANIC OR LATINO,595.0,28.0,0.0
TCGA-AP-A059-01A-21R-A118-07,TCGA-AP-A059,POLE,250,NoDisease,38,Stage I,EndoGr3,Endometrioid,Grade 3,LIVING,WHITE,NOT HISPANIC OR LATINO,250.0,38.0,0.0
TCGA-FI-A2D2-01A-11R-A17B-07,TCGA-FI-A2D2,CNV,1095,NoDisease,58,Stage I,MixedGr3,Mixed,Grade 3,LIVING,WHITE,NOT HISPANIC OR LATINO,1095.0,58.0,0.0
TCGA-D1-A0ZO-01A-11R-A118-07,TCGA-D1-A0ZO,MSI,602,NoDisease,40,Stage I,EndoGr1,Endometrioid,Grade 1,LIVING,WHITE,NOT HISPANIC OR LATINO,602.0,40.0,0.0
TCGA-AP-A051-01A-21R-A00V-07,TCGA-AP-A051,POLE,2545,NoDisease,38,Stage I,EndoGr3,Endometrioid,Grade 3,LIVING,WHITE,Unknown,2545.0,38.0,0.0
TCGA-BK-A139-01C-08R-A277-07,TCGA-BK-A139,CNV,309,NoDisease,24,Stage I,EndoGr3,Endometrioid,Grade 3,LIVING,WHITE,NOT HISPANIC OR LATINO,309.0,24.0,0.0
TCGA-B5-A11Z-01A-11R-A10J-07,TCGA-B5-A11Z,NSMP,528,NoDisease,28,Stage I,EndoGr1,Endometrioid,Grade 1,LIVING,WHITE,Unknown,528.0,28.0,0.0
TCGA-BG-A0W2-01A-11R-A109-07,TCGA-BG-A0W2,NSMP,1151,NoDisease,44,Stage I,EndoGr1,Endometrioid,Grade 1,LIVING,WHITE,Unknown,1151.0,44.0,0.0
TCGA-AX-A063-01A-11R-A00V-07,TCGA-AX-A063,MSI,2024,NoDisease,34,Stage I,EndoGr2,Endometrioid,Grade 2,LIVING,WHITE,NOT HISPANIC OR LATINO,2024.0,34.0,0.0
TCGA-D1-A16O-01A-11R-A12I-07,TCGA-D1-A16O,NSMP,1022,NoDisease,35,Stage I,EndoGr1,Endometrioid,Grade 1,LIVING,WHITE,NOT HISPANIC OR LATINO,1022.0,35.0,0.0
TCGA-D1-A17A-01A-11R-A12I-07,TCGA-D1-A17A,MSI,48,NoDisease,32,Stage I,EndoGr3,Endometrioid,Grade 3,LIVING,WHITE,NOT HISPANIC OR LATINO,48.0,32.0,0.0
TCGA-AP-A05J-01A-11R-A00V-07,TCGA-AP-A05J,CNV,1122,NoDisease,27,Stage II,SerousGr3,Serous,Grade 3,LIVING,WHITE,Unknown,1122.0,27.0,0.0
TCGA-BK-A0C9-01A-11R-A00V-07,TCGA-BK-A0C9,MSI,386,WithDisease,44,Stage I,EndoGr1,Endometrioid,Grade 1,LIVING,WHITE,NOT HISPANIC OR LATINO,386.0,44.0,0.0
TCGA-B5-A0K4-01A-11R-A040-07,TCGA-B5-A0K4,NSMP,544,NoDisease,28,Stage I,EndoGr2,Endometrioid,Grade 2,LIVING,Unknown,Unknown,544.0,28.0,0.0
TCGA-D1-A17U-01A-21R-A12I-07,TCGA-D1-A17U,MSI,697,NoDisease,30,Stage III,EndoGr2,Endometrioid,Grade 2,LIVING,WHITE,NOT HISPANIC OR LATINO,697.0,30.0,0.0
TCGA-B5-A11S-01A-11R-A118-07,TCGA-B5-A11S,NSMP,831,NoDisease,47,Stage I,EndoGr2,Endometrioid,Grade 2,LIVING,WHITE,Unknown,831.0,47.0,0.0
TCGA-B5-A0K0-01A-11R-A16W-07,TCGA-B5-A0K0,NSMP,862,NoDisease,49,Stage I,EndoGr1,Endometrioid,Grade 1,LIVING,WHITE,Unknown,862.0,49.0,0.0
TCGA-D1-A16B-01A-11R-A12I-07,TCGA-D1-A16B,NSMP,1106,NoDisease,34,Stage I,EndoGr2,Endometrioid,Grade 2,LIVING,WHITE,NOT HISPANIC OR LATINO,1106.0,34.0,0.0
TCGA-FI-A2EW-01A-11R-A17B-07,TCGA-FI-A2EW,CNV,1795,WithDisease,32,Stage II,SerousGr3,Serous,Grade 3,LIVING,BLACK OR AFRICAN AMERICAN,Unknown,1795.0,32.0,0.0
TCGA-D1-A17M-01A-21R-A12I-07,TCGA-D1-A17M,MSI,311,NoDisease,53,Stage II,EndoGr1,Endometrioid,Grade 1,LIVING,WHITE,NOT HISPANIC OR LATINO,311.0,53.0,0.0
TCGA-B5-A0K3-01A-11R-A040-07,TCGA-B5-A0K3,CNV,829,WithDisease,32,Stage I,EndoGr3,Endometrioid,Grade 3,DECEASED,BLACK OR AFRICAN AMERICAN,Unknown,829.0,32.0,1.0
TCGA-BG-A0M3-01A-11R-A104-07,TCGA-BG-A0M3,NSMP,1071,NoDisease,29,Stage I,EndoGr2,Endometrioid,Grade 2,LIVING,WHITE,NOT HISPANIC OR LATINO,1071.0,29.0,0.0
TCGA-BG-A0MQ-01A-11R-A104-07,TCGA-BG-A0MQ,MSI,1196,NoDisease,37,Stage I,EndoGr1,Endometrioid,Grade 1,LIVING,WHITE,NOT HISPANIC OR LATINO,1196.0,37.0,0.0
TCGA-A5-A0VP-01A-21R-A104-07,TCGA-A5-A0VP,MSI,1287,NoDisease,21,Stage I,EndoGr3,Endometrioid,Grade 3,LIVING,WHITE,NOT HISPANIC OR LATINO,1287.0,21.0,0.0
TCGA-BS-A0TA-01A-11R-A104-07,TCGA-BS-A0TA,MSI,714,WithDisease,38,Stage IV,EndoGr3,Endometrioid,Grade 3,LIVING,NATIVE HAWAIIAN OR OTHER PACIFIC ISLANDER,HISPANIC OR LATINO,714.0,38.0,0.0
TCGA-BG-A0W1-01A-12R-A109-07,TCGA-BG-A0W1,NSMP,907,NoDisease,33,Stage I,EndoGr2,Endometrioid,Grade 2,LIVING,WHITE,NOT HISPANIC OR LATINO,907.0,33.0,0.0
TCGA-A5-A0GH-01A-21R-A16W-07,TCGA-A5-A0GH,MSI,2253,NoDisease,20,Stage I,EndoGr3,Endometrioid,Grade 3,LIVING,WHITE,NOT HISPANIC OR LATINO,2253.0,20.0,0.0
TCGA-AP-A0LT-01A-11R-A040-07,TCGA-AP-A0LT,MSI,1497,NoDisease,33,Stage II,EndoGr2,Endometrioid,Grade 2,LIVING,WHITE,Unknown,1497.0,33.0,0.0
TCGA-BG-A0MO-01A-11R-A040-07,TCGA-BG-A0MO,NSMP,1308,Unknown,32,Stage I,EndoGr1,Endometrioid,Grade 1,LIVING,WHITE,NOT HISPANIC OR LATINO,1308.0,32.0,0.0
TCGA-D1-A16I-01A-11R-A12I-07,TCGA-D1-A16I,CNV,349,NoDisease,31,Stage I,SerousGr3,Serous,Grade 3,DECEASED,WHITE,NOT HISPANIC OR LATINO,349.0,31.0,1.0
TCGA-D1-A17R-01A-11R-A12I-07,TCGA-D1-A17R,MSI,339,NoDisease,46,Stage I,EndoGr2,Endometrioid,Grade 2,DECEASED,WHITE,NOT HISPANIC OR LATINO,339.0,46.0,1.0
TCGA-BK-A0CB-01A-32R-A104-07,TCGA-BK-A0CB,NSMP,188,NoDisease,46,Unknown,EndoGr2,Endometrioid,Grade 2,LIVING,WHITE,NOT HISPANIC OR LATINO,188.0,46.0,0.0
TCGA-D1-A16Q-01A-12R-A12I-07,TCGA-D1-A16Q,NSMP,324,NoDisease,39,Stage II,EndoGr2,Endometrioid,Grade 2,LIVING,WHITE,NOT HISPANIC OR LATINO,324.0,39.0,0.0
TCGA-D1-A17D-01A-12R-A12I-07,TCGA-D1-A17D,MSI,926,NoDisease,28,Stage I,EndoGr3,Endometrioid,Grade 3,LIVING,WHITE,NOT HISPANIC OR LATINO,926.0,28.0,0.0
TCGA-BG-A0MG-01A-21R-A104-07,TCGA-BG-A0MG,NSMP,1477,NoDisease,23,Stage I,EndoGr1,Endometrioid,Grade 1,LIVING,WHITE,NOT HISPANIC OR LATINO,1477.0,23.0,0.0
TCGA-A5-A0RA-01A-21R-A104-07,TCGA-A5-A0RA,NSMP,883,NoDisease,47,Stage I,EndoGr2,Endometrioid,Grade 2,LIVING,WHITE,NOT HISPANIC OR LATINO,883.0,47.0,0.0
TCGA-BS-A0UV-01A-11R-A16W-07,TCGA-BS-A0UV,POLE,149,NoDisease,39,Stage III,EndoGr3,Endometrioid,Grade 3,LIVING,NATIVE HAWAIIAN OR OTHER PACIFIC ISLANDER,NOT HISPANIC OR LATINO,149.0,39.0,0.0
TCGA-A5-A0GN-01A-11R-A040-07,TCGA-A5-A0GN,CNV,1841,NoDisease,25,Stage I,EndoGr1,Endometrioid,Grade 1,LIVING,WHITE,NOT HISPANIC OR LATINO,1841.0,25.0,0.0
TCGA-BG-A0MI-01A-11R-A040-07,TCGA-BG-A0MI,NSMP,714,NoDisease,37,Stage I,EndoGr2,Endometrioid,Grade 2,DECEASED,WHITE,NOT HISPANIC OR LATINO,714.0,37.0,1.0
TCGA-BG-A0LX-01A-11R-A16W-07,TCGA-BG-A0LX,MSI,613,NoDisease,33,Stage I,EndoGr2,Endometrioid,Grade 2,LIVING,WHITE,NOT HISPANIC OR LATINO,613.0,33.0,0.0
TCGA-BG-A0VT-01A-11R-A10J-07,TCGA-BG-A0VT,NSMP,224,NoDisease,49,Stage III,EndoGr2,Endometrioid,Grade 2,LIVING,WHITE,NOT HISPANIC OR LATINO,224.0,49.0,0.0
TCGA-AP-A0LG-01A-11R-A16W-07,TCGA-AP-A0LG,MSI,1921,NoDisease,28,Stage I,EndoGr3,Endometrioid,Grade 3,LIVING,WHITE,Unknown,1921.0,28.0,0.0
TCGA-AX-A1C8-01A-11R-A137-07,TCGA-AX-A1C8,CNV,412,Unknown,27,Stage III,SerousGr3,Serous,Grade 3,LIVING,WHITE,NOT HISPANIC OR LATINO,412.0,27.0,0.0
TCGA-AX-A060-01A-11R-A00V-07,TCGA-AX-A060,MSI,1075,NoDisease,32,Stage I,EndoGr3,Endometrioid,Grade 3,LIVING,AMERICAN INDIAN OR ALASKA NATIVE,NOT HISPANIC OR LATINO,1075.0,32.0,0.0
TCGA-D1-A15Z-01A-11R-A118-07,TCGA-D1-A15Z,NSMP,58,NoDisease,48,Stage I,EndoGr2,Endometrioid,Grade 2,DECEASED,WHITE,NOT HISPANIC OR LATINO,58.0,48.0,1.0
TCGA-BS-A0T9-01A-11R-A12I-07,TCGA-BS-A0T9,NSMP,1428,WithDisease,40,Stage IV,EndoGr3,Endometrioid,Grade 3,DECEASED,NATIVE HAWAIIAN OR OTHER PACIFIC ISLANDER,NOT HISPANIC OR LATINO,1428.0,40.0,1.0
TCGA-A5-A0GQ-01A-11R-A118-07,TCGA-A5-A0GQ,NSMP,1167,NoDisease,25,Stage I,EndoGr1,Endometrioid,Grade 1,LIVING,WHITE,NOT HISPANIC OR LATINO,1167.0,25.0,0.0
TCGA-D1-A0ZU-01A-11R-A10J-07,TCGA-D1-A0ZU,NSMP,872,NoDisease,32,Stage I,EndoGr2,Endometrioid,Grade 2,LIVING,WHITE,NOT HISPANIC OR LATINO,872.0,32.0,0.0
TCGA-B5-A11N-01A-11R-A118-07,TCGA-B5-A11N,POLE,1337,NoDisease,29,Stage I,EndoGr1,Endometrioid,Grade 1,LIVING,WHITE,Unknown,1337.0,29.0,0.0
TCGA-BG-A0YV-01A-11R-A10J-07,TCGA-BG-A0YV,CNV,382,NoDisease,22,Stage III,SerousGr3,Serous,Grade 3,LIVING,WHITE,NOT HISPANIC OR LATINO,382.0,22.0,0.0
TCGA-BS-A0TI-01A-11R-A104-07,TCGA-BS-A0TI,CNV,1443,NoDisease,22,Stage I,EndoGr3,Endometrioid,Grade 3,LIVING,WHITE,NOT HISPANIC OR LATINO,1443.0,22.0,0.0
TCGA-AX-A05U-01A-11R-A00V-07,TCGA-AX-A05U,NSMP,902,NoDisease,25,Stage I,EndoGr1,Endometrioid,Grade 1,LIVING,AMERICAN INDIAN OR ALASKA NATIVE,NOT HISPANIC OR LATINO,902.0,25.0,0.0
TCGA-AX-A06H-01A-11R-A118-07,TCGA-AX-A06H,MSI,833,NoDisease,38,Stage III,EndoGr1,Endometrioid,Grade 1,LIVING,AMERICAN INDIAN OR ALASKA NATIVE,NOT HISPANIC OR LATINO,833.0,38.0,0.0
TCGA-BS-A0TJ-01A-11R-A104-07,TCGA-BS-A0TJ,MSI,1514,NoDisease,38,Stage I,EndoGr3,Endometrioid,Grade 3,LIVING,ASIAN,NOT HISPANIC OR LATINO,1514.0,38.0,0.0
TCGA-AP-A053-01A-21R-A00V-07,TCGA-AP-A053,CNV,181,NoDisease,19,Stage I,EndoGr3,Endometrioid,Grade 3,LIVING,WHITE,NOT HISPANIC OR LATINO,181.0,19.0,0.0
TCGA-B5-A0K6-01A-11R-A040-07,TCGA-B5-A0K6,MSI,426,NoDisease,47,Stage I,EndoGr1,Endometrioid,Grade 1,LIVING,WHITE,Unknown,426.0,47.0,0.0
TCGA-BS-A0UF-01A-11R-A104-07,TCGA-BS-A0UF,POLE,1843,NoDisease,26,Stage I,EndoGr3,Endometrioid,Grade 3,LIVING,ASIAN,NOT HISPANIC OR LATINO,1843.0,26.0,0.0
TCGA-AP-A0L9-01A-11R-A040-07,TCGA-AP-A0L9,CNV,3814,NoDisease,25,Stage I,SerousGr3,Serous,Grade 3,LIVING,WHITE,Unknown,3814.0,25.0,0.0
TCGA-D1-A17C-01A-11R-A12I-07,TCGA-D1-A17C,NSMP,30,NoDisease,31,Stage I,EndoGr1,Endometrioid,Grade 1,LIVING,WHITE,NOT HISPANIC OR LATINO,30.0,31.0,0.0
TCGA-AX-A062-01A-11R-A00V-07,TCGA-AX-A062,NSMP,1398,NoDisease,40,Stage I,EndoGr1,Endometrioid,Grade 1,LIVING,WHITE,Unknown,1398.0,40.0,0.0
TCGA-D1-A0ZP-01A-21R-A10J-07,TCGA-D1-A0ZP,CNV,911,NoDisease,22,Stage IV,SerousGr3,Serous,Grade 3,LIVING,WHITE,NOT HISPANIC OR LATINO,911.0,22.0,0.0
TCGA-D1-A168-01A-31R-A12I-07,TCGA-D1-A168,NSMP,1098,NoDisease,28,Stage I,EndoGr3,Endometrioid,Grade 3,LIVING,WHITE,NOT HISPANIC OR LATINO,1098.0,28.0,0.0
TCGA-AP-A0LD-01A-11R-A040-07,TCGA-AP-A0LD,MSI,3589,NoDisease,27,Stage I,EndoGr3,Endometrioid,Grade 3,LIVING,WHITE,Unknown,3589.0,27.0,0.0
TCGA-D1-A176-01A-11R-A12I-07,TCGA-D1-A176,MSI,917,NoDisease,33,Stage I,EndoGr2,Endometrioid,Grade 2,LIVING,WHITE,NOT HISPANIC OR LATINO,917.0,33.0,0.0
TCGA-B5-A0JT-01A-21R-A118-07,TCGA-B5-A0JT,NSMP,1312,NoDisease,42,Stage I,EndoGr1,Endometrioid,Grade 1,LIVING,WHITE,Unknown,1312.0,42.0,0.0
TCGA-B5-A11I-01A-11R-A10J-07,TCGA-B5-A11I,CNV,2303,Unknown,49,Stage IV,EndoGr3,Endometrioid,Grade 3,LIVING,BLACK OR AFRICAN AMERICAN,Unknown,2303.0,49.0,0.0
TCGA-BK-A13C-01A-11R-A118-07,TCGA-BK-A13C,NSMP,412,NoDisease,33,Stage I,EndoGr2,Endometrioid,Grade 2,LIVING,BLACK OR AFRICAN AMERICAN,NOT HISPANIC OR LATINO,412.0,33.0,0.0
TCGA-B5-A0K1-01A-11R-A16W-07,TCGA-B5-A0K1,NSMP,928,NoDisease,38,Stage I,EndoGr1,Endometrioid,Grade 1,LIVING,WHITE,Unknown,928.0,38.0,0.0
TCGA-D1-A165-01A-11R-A12I-07,TCGA-D1-A165,NSMP,20,NoDisease,26,Stage I,EndoGr1,Endometrioid,Grade 1,LIVING,WHITE,NOT HISPANIC OR LATINO,20.0,26.0,0.0
TCGA-B5-A0JZ-01A-11R-A040-07,TCGA-B5-A0JZ,MSI,871,NoDisease,33,Stage III,EndoGr3,Endometrioid,Grade 3,LIVING,WHITE,Unknown,871.0,33.0,0.0
TCGA-D1-A16N-01A-11R-A12I-07,TCGA-D1-A16N,MSI,945,NoDisease,37,Stage III,EndoGr3,Endometrioid,Grade 3,LIVING,WHITE,NOT HISPANIC OR LATINO,945.0,37.0,0.0
TCGA-AX-A0J0-01A-11R-A109-07,TCGA-AX-A0J0,POLE,1219,NoDisease,19,Stage I,EndoGr2,Endometrioid,Grade 2,LIVING,WHITE,NOT HISPANIC OR LATINO,1219.0,19.0,0.0
TCGA-B5-A11G-01A-13R-A118-07,TCGA-B5-A11G,MSI,3447,Unknown,30,Stage I,EndoGr1,Endometrioid,Grade 1,LIVING,BLACK OR AFRICAN AMERICAN,Unknown,3447.0,30.0,0.0
TCGA-DI-A0WH-01A-12R-A12I-07,TCGA-DI-A0WH,MSI,495,Unknown,35,Stage I,EndoGr3,Endometrioid,Grade 3,LIVING,WHITE,NOT HISPANIC OR LATINO,495.0,35.0,0.0
TCGA-A5-A0R8-01A-11R-A104-07,TCGA-A5-A0R8,NSMP,595,NoDisease,24,Stage I,EndoGr2,Endometrioid,Grade 2,LIVING,WHITE,NOT HISPANIC OR LATINO,595.0,24.0,0.0
TCGA-BG-A0M2-01A-11R-A104-07,TCGA-BG-A0M2,NSMP,636,NoDisease,26,Stage I,EndoGr2,Endometrioid,Grade 2,LIVING,WHITE,NOT HISPANIC OR LATINO,636.0,26.0,0.0
TCGA-BG-A220-01A-11R-A157-07,TCGA-BG-A220,MSI,434,NoDisease,Unknown,Stage I,EndoGr3,Endometrioid,Grade 3,LIVING,Notassigned,WHITE,434.0,,0.0
TCGA-D1-A17T-01A-11R-A12I-07,TCGA-D1-A17T,NSMP,70,NoDisease,32,Stage I,EndoGr2,Endometrioid,Grade 2,LIVING,WHITE,NOT HISPANIC OR LATINO,70.0,32.0,0.0
TCGA-AP-A056-01A-11R-A00V-07,TCGA-AP-A056,POLE,2618,NoDisease,24,Stage II,EndoGr3,Endometrioid,Grade 3,LIVING,WHITE,Unknown,2618.0,24.0,0.0
TCGA-A5-A0GE-01A-11R-A16W-07,TCGA-A5-A0GE,NSMP,3205,NoDisease,23,Stage I,EndoGr2,Endometrioid,Grade 2,LIVING,ASIAN,NOT HISPANIC OR LATINO,3205.0,23.0,0.0
TCGA-D1-A16E-01A-22R-A12I-07,TCGA-D1-A16E,NSMP,1119,NoDisease,25,Stage I,EndoGr1,Endometrioid,Grade 1,LIVING,WHITE,NOT HISPANIC OR LATINO,1119.0,25.0,0.0
TCGA-A5-A0GJ-01A-11R-A040-07,TCGA-A5-A0GJ,CNV,2000,NoDisease,43,Stage I,EndoGr2,Endometrioid,Grade 2,LIVING,WHITE,NOT HISPANIC OR LATINO,2000.0,43.0,0.0
TCGA-A5-A0GB-01A-11R-A040-07,TCGA-A5-A0GB,MSI,997,NoDisease,44,Stage I,EndoGr3,Endometrioid,Grade 3,LIVING,WHITE,Unknown,997.0,44.0,0.0
TCGA-AJ-A23M-01A-11R-A157-07,TCGA-AJ-A23M,CNV,31,Unknown,61,Stage II,SerousGr3,Serous,Grade 3,LIVING,WHITE,Unknown,31.0,61.0,0.0
TCGA-D1-A0ZZ-01A-11R-A10J-07,TCGA-D1-A0ZZ,CNV,685,NoDisease,21,Stage I,MixedGr3,Mixed,Grade 3,LIVING,WHITE,NOT HISPANIC OR LATINO,685.0,21.0,0.0
TCGA-AP-A054-01A-11R-A16W-07,TCGA-AP-A054,MSI,709,WithDisease,26,Stage III,EndoGr3,Endometrioid,Grade 3,DECEASED,WHITE,NOT HISPANIC OR LATINO,709.0,26.0,1.0
TCGA-AX-A0IW-01A-11R-A040-07,TCGA-AX-A0IW,CNV,1148,NoDisease,22,Stage III,SerousGr3,Serous,Grade 3,LIVING,WHITE,NOT HISPANIC OR LATINO,1148.0,22.0,0.0
TCGA-BS-A0WQ-01A-21R-A109-07,TCGA-BS-A0WQ,NSMP,1207,NoDisease,36,Stage I,EndoGr2,Endometrioid,Grade 2,LIVING,ASIAN,NOT HISPANIC OR LATINO,1207.0,36.0,0.0
TCGA-AP-A0LI-01A-11R-A040-07,TCGA-AP-A0LI,CNV,2972,NoDisease,33,Stage III,SerousGr3,Serous,Grade 3,LIVING,BLACK OR AFRICAN AMERICAN,Unknown,2972.0,33.0,0.0
TCGA-BG-A0VZ-01A-11R-A109-07,TCGA-BG-A0VZ,MSI,868,Unknown,40,Stage I,EndoGr2,Endometrioid,Grade 2,LIVING,WHITE,NOT HISPANIC OR LATINO,868.0,40.0,0.0
TCGA-B5-A1MU-01A-11R-A13S-07,TCGA-B5-A1MU,CNV,1547,Unknown,20,Stage IV,SerousGr3,Serous,Grade 3,DECEASED,WHITE,Unknown,1547.0,20.0,1.0
TCGA-D1-A15V-01A-11R-A118-07,TCGA-D1-A15V,CNV,1201,NoDisease,26,Stage I,SerousGr3,Serous,Grade 3,LIVING,WHITE,NOT HISPANIC OR LATINO,1201.0,26.0,0.0
TCGA-BG-A18A-01A-21R-A12I-07,TCGA-BG-A18A,NSMP,426,NoDisease,32,Stage I,EndoGr1,Endometrioid,Grade 1,LIVING,WHITE,NOT HISPANIC OR LATINO,426.0,32.0,0.0
TCGA-BS-A0UJ-01A-12R-A104-07,TCGA-BS-A0UJ,MSI,27,NoDisease,21,Stage I,EndoGr1,Endometrioid,Grade 1,LIVING,ASIAN,NOT HISPANIC OR LATINO,27.0,21.0,0.0
TCGA-BS-A0U8-01A-11R-A104-07,TCGA-BS-A0U8,MSI,2606,NoDisease,28,Stage III,EndoGr1,Endometrioid,Grade 1,LIVING,WHITE,NOT HISPANIC OR LATINO,2606.0,28.0,0.0
TCGA-B5-A1MY-01A-11R-A144-07,TCGA-B5-A1MY,CNV,361,WithDisease,31,Stage III,SerousGr3,Serous,Grade 3,DECEASED,BLACK OR AFRICAN AMERICAN,Unknown,361.0,31.0,1.0
TCGA-AP-A0LV-01A-11R-A040-07,TCGA-AP-A0LV,NSMP,763,NoDisease,32,Stage I,EndoGr1,Endometrioid,Grade 1,LIVING,WHITE,Unknown,763.0,32.0,0.0
TCGA-EO-A1Y5-01A-11R-A157-07,TCGA-EO-A1Y5,CNV,332,NoDisease,30,Stage III,SerousGr3,Serous,Grade 3,LIVING,Unknown,Unknown,332.0,30.0,0.0
TCGA-BS-A0U9-01B-21R-A10J-07,TCGA-BS-A0U9,CNV,1749,NoDisease,34,Stage I,EndoGr3,Endometrioid,Grade 3,LIVING,NATIVE HAWAIIAN OR OTHER PACIFIC ISLANDER,NOT HISPANIC OR LATINO,1749.0,34.0,0.0
TCGA-FI-A2F8-01A-12R-A17B-07,TCGA-FI-A2F8,CNV,761,NoDisease,33,Stage II,SerousGr3,Serous,Grade 3,LIVING,WHITE,NOT HISPANIC OR LATINO,761.0,33.0,0.0
TCGA-BG-A0VV-01A-21R-A118-07,TCGA-BG-A0VV,NSMP,260,NoDisease,56,Stage I,EndoGr1,Endometrioid,Grade 1,LIVING,WHITE,NOT HISPANIC OR LATINO,260.0,56.0,0.0
TCGA-BG-A18B-01A-11R-A12I-07,TCGA-BG-A18B,MSI,470,NoDisease,43,Stage I,EndoGr2,Endometrioid,Grade 2,LIVING,WHITE,NOT HISPANIC OR LATINO,470.0,43.0,0.0
TCGA-AX-A064-01A-11R-A00V-07,TCGA-AX-A064,MSI,1064,NoDisease,20,Stage I,EndoGr2,Endometrioid,Grade 2,LIVING,WHITE,Unknown,1064.0,20.0,0.0
TCGA-AX-A1C7-01A-11R-A137-07,TCGA-AX-A1C7,CNV,515,Unknown,25,Stage I,SerousGr3,Serous,Grade 3,LIVING,WHITE,NOT HISPANIC OR LATINO,515.0,25.0,0.0
TCGA-B5-A11W-01A-12R-A118-07,TCGA-B5-A11W,NSMP,592,NoDisease,38,Stage I,EndoGr2,Endometrioid,Grade 2,LIVING,WHITE,Unknown,592.0,38.0,0.0
TCGA-BK-A139-01A-11R-A118-07,TCGA-BK-A139,CNV,309,NoDisease,24,Stage I,EndoGr3,Endometrioid,Grade 3,LIVING,WHITE,NOT HISPANIC OR LATINO,309.0,24.0,0.0
TCGA-BK-A139-01A-11R-A277-07,TCGA-BK-A139,CNV,309,NoDisease,24,Stage I,EndoGr3,Endometrioid,Grade 3,LIVING,WHITE,NOT HISPANIC OR LATINO,309.0,24.0,0.0
TCGA-BG-A186-01A-11R-A12I-07,TCGA-BG-A186,NSMP,419,NoDisease,28,Stage III,EndoGr2,Endometrioid,Grade 2,LIVING,BLACK OR AFRICAN AMERICAN,NOT HISPANIC OR LATINO,419.0,28.0,0.0
TCGA-A5-A0GU-01A-11R-A16W-07,TCGA-A5-A0GU,NSMP,859,NoDisease,37,Stage I,EndoGr1,Endometrioid,Grade 1,LIVING,WHITE,Unknown,859.0,37.0,0.0
TCGA-B5-A0JS-01A-11R-A104-07,TCGA-B5-A0JS,NSMP,1422,NoDisease,38,Stage I,EndoGr1,Endometrioid,Grade 1,LIVING,WHITE,Unknown,1422.0,38.0,0.0
TCGA-D1-A174-01A-11R-A12I-07,TCGA-D1-A174,MSI,594,NoDisease,26,Stage I,EndoGr3,Endometrioid,Grade 3,LIVING,WHITE,NOT HISPANIC OR LATINO,594.0,26.0,0.0
TCGA-AX-A06B-01A-11R-A00V-07,TCGA-AX-A06B,CNV,1639,NoDisease,40,Stage I,EndoGr3,Endometrioid,Grade 3,LIVING,WHITE,NOT HISPANIC OR LATINO,1639.0,40.0,0.0
