sample_barcode,PC1,PC2,PC3,subtype
TCGA-A5-A0GM-01A-11R-A040-07,3.9424218414447485,-8.627871451391307,9.142962572473312,NSMP
TCGA-BG-A0MS-01A-11R-A104-07,17.736525905593293,7.514384547183526,17.755560099624823,NSMP
TCGA-BG-A0M8-01A-12R-A104-07,-4.2728816844780475,-33.28130430381251,-14.734244063510852,CNV
TCGA-AP-A05D-01A-11R-A00V-07,-30.011597199069996,2.5925794981287673,-9.858737532525318,CNV
TCGA-AX-A2HF-01A-11R-A17B-07,-30.1675369415668,14.752148617419566,7.230354513636522,CNV
TCGA-BG-A0YU-01A-21R-A10J-07,32.529809103246656,13.235737730240357,-4.62657740618955,NSMP
TCGA-D1-A102-01A-11R-A10J-07,16.323887704804985,10.453363986241417,26.506340300195966,NSMP
TCGA-FI-A2EX-01A-11R-A17B-07,-31.763007605664757,2.2120774524141615,-13.086244659842908,CNV
TCGA-AP-A05P-01A-11R-A16W-07,0.2809616202472825,10.070623042602607,7.7315234937125465,NSMP
TCGA-AX-A05Y-01A-11R-A00V-07,1.075263173218943,13.09519602614226,7.44095902021965,MSI
TCGA-D1-A0ZQ-01A-11R-A118-07,3.0718774073302977,-11.063460021098425,7.130053289085335,NSMP
TCGA-BG-A0MC-01A-21R-A040-07,32.878265417775026,4.4228228188708405,-27.599255201973403,NSMP
TCGA-D1-A16D-01A-11R-A12I-07,18.969686286636268,1.7833021270954652,-14.470056213581683,NSMP
TCGA-AX-A0IU-01A-11R-A16W-07,-23.015599943665084,11.200260040762776,-16.438759594464514,CNV
TCGA-D1-A17L-01A-11R-A12I-07,8.375279006053368,-27.365399352235162,-15.926736972275554,NSMP
TCGA-BS-A0UA-01A-11R-A118-07,16.928420978041483,-3.2473848161343044,-13.652728744761626,MSI
TCGA-A5-A0G9-01A-11R-A040-07,14.282373801052545,0.6821086223460084,0.9822545062207892,MSI
TCGA-AX-A1CP-01A-11R-A137-07,-4.2372301393734295,36.95925455973213,2.408524508516109,CNV
TCGA-AP-A0LF-01A-11R-A118-07,-19.061207346367834,-40.57563794782009,-28.56315527400586,CNV
TCGA-BS-A0UL-01A-11R-A109-07,-2.6836953810749566,-11.45746041047936,-6.310021375926824,MSI
TCGA-D1-A16J-01A-11R-A12I-07,-10.2326496497073,-11.292018637678765,-30.28252261987607,NSMP
TCGA-D1-A160-01A-11R-A118-07,-0.29998388095584694,-28.45897961616988,-7.435098606353687,MSI
TCGA-D1-A0ZN-01A-11R-A118-07,8.154577393132543,-4.749893577758379,26.23224076450095,NSMP
TCGA-B5-A11Y-01A-21R-A10J-07,9.939655394761042,-4.194504976119601,-19.504500993331803,NSMP
TCGA-D1-A17N-01A-11R-A12I-07,17.151489935305587,1.5236423089885973,4.198372253729964,NSMP
TCGA-A5-A0GV-01A-31R-A16W-07,-0.5378969453740008,-14.881821779634425,23.36985019132285,NSMP
TCGA-AP-A0LM-01A-11R-A118-07,-10.195915238558444,-18.218374669697596,-4.515385135263027,POLE
TCGA-AP-A0LP-01A-12R-A104-07,21.081915614797797,13.778279808172934,-12.750858773506046,MSI
TCGA-D1-A17H-01A-11R-A12I-07,-3.11783307627725,-9.677247043145567,-10.756814605459482,MSI
TCGA-D1-A16S-01A-11R-A12I-07,-22.027824603365673,16.65420237850594,-3.240876688198128,CNV
TCGA-D1-A17F-01A-11R-A12I-07,24.53439198233525,-7.519199111382909,-16.45338779080107,MSI
TCGA-D1-A16Y-01A-31R-A12I-07,-11.331445750394852,8.9987251874031,13.62053814001148,POLE
TCGA-A5-A0R9-01A-11R-A104-07,14.767699872159609,3.038723626344984,15.58652189103658,NSMP
TCGA-B5-A11E-01A-11R-A10J-07,-10.898096945275345,1.166232474909815,3.02333448617553,POLE
TCGA-BK-A0CC-01B-04R-A277-07,-27.996551355169608,10.822130456226922,0.027931906812132087,CNV
TCGA-BK-A0CC-01A-21R-A16W-07,-34.58449349153334,10.518293813222565,-1.988008536708327,CNV
TCGA-D1-A167-01A-11R-A12I-07,-17.74973384198707,4.871903563716667,0.580961305163258,MSI
TCGA-A5-A0GX-01A-11R-A040-07,10.287535292454146,-1.4464983787646115,14.125492419269317,NSMP
TCGA-A5-A0GI-01A-11R-A040-07,13.285477252545578,-10.75238455885077,15.865736023793806,MSI
TCGA-BG-A0RY-01A-11R-A104-07,-2.684440168687346,1.3110442128981716,2.2575036206174572,NSMP
TCGA-B5-A121-01A-31R-A118-07,31.549903114157342,30.117407719946286,-1.7942813631781422,NSMP
TCGA-A5-A0GG-01A-11R-A118-07,9.046747758821583,17.20571052751579,-14.27063461076292,MSI
TCGA-D1-A15W-01A-11R-A118-07,15.429640893725688,10.645252182582565,-9.66296820059569,NSMP
TCGA-BG-A0VW-01A-11R-A118-07,16.82907099673305,-9.291998071079426,-15.86003640422777,MSI
TCGA-BG-A0MT-01A-11R-A104-07,0.9760392752490014,8.048470718861797,5.4685215751201,NSMP
TCGA-AP-A0LN-01A-11R-A040-07,19.908979901176327,7.948958287420541,17.396731947678923,NSMP
TCGA-D1-A0ZV-01A-11R-A10J-07,19.537597797102187,10.902949760147813,-22.434078208379667,NSMP
TCGA-DI-A1NN-01A-11R-A16F-07,-25.921984170120513,5.9053895853630305,-12.141573186663582,CNV
TCGA-A5-A0GW-01A-11R-A16W-07,-11.979908972921253,-18.553097615188364,1.887395370574646,MSI
TCGA-B5-A0K8-01A-11R-A14M-07,-19.00885874641379,6.835497679397096,-9.697415537249414,CNV
TCGA-BG-A0M4-01A-11R-A104-07,0.17776954361111633,4.716721926616291,-0.9991158394302115,MSI
TCGA-D1-A1NU-01A-11R-A14D-07,-25.800071104169437,11.487137599541114,-16.00631486774107,CNV
TCGA-BS-A0TG-01A-32R-A16W-07,-10.04913838347203,-9.092721221025473,10.406034422698323,NSMP
TCGA-B5-A11J-01A-11R-A118-07,5.060166913743868,1.1263949402784563,-9.172196176867294,MSI
TCGA-BG-A187-01A-11R-A12I-07,17.25252045457148,5.865050439899705,6.351971731763541,NSMP
TCGA-BS-A0TE-01A-11R-A104-07,-17.827534136018574,-13.016764649180521,-5.836072263368075,MSI
TCGA-D1-A0ZR-01A-21R-A10J-07,40.61951170567272,33.98872620329887,-9.1394788808839,NSMP
TCGA-B5-A0JV-01A-11R-A104-07,7.554840395223684,-3.7705489140093515,8.3528868458107,MSI
TCGA-AX-A0IS-01A-12R-A10J-07,9.425924277516325,-8.955810507729003,30.05307696916395,NSMP
TCGA-BS-A0V8-01A-11R-A118-07,-8.878182817145401,-23.554258526832797,-3.9567516044347992,CNV
TCGA-B5-A0JY-01A-11R-A104-07,-13.768444646825454,-6.478946329890206,10.116659374076235,POLE
TCGA-BS-A0V6-01A-11R-A118-07,31.425656413682297,11.896124197064108,-20.173938334767982,NSMP
TCGA-EY-A1GS-01A-11R-A13S-07,-24.183525143927245,-4.0647037714045355,-10.393924543618946,CNV
TCGA-D1-A0ZS-01A-11R-A118-07,-28.507884272486177,3.504265138501066,14.045991630122604,MSI
TCGA-B5-A11V-01A-11R-A10J-07,5.947249440368684,-0.7340243371478538,27.06167542590691,NSMP
TCGA-D1-A103-01A-11R-A10J-07,7.517719459583197,-2.5859335995668244,-13.65144868693251,POLE
TCGA-BS-A0TD-01A-11R-A104-07,18.903736172011048,6.477318010240076,-16.168956011921615,NSMP
TCGA-AP-A05H-01A-11R-A00V-07,-35.07083995956262,6.040862660591572,9.281532441650887,CNV
TCGA-A5-A0R6-01A-11R-A104-07,-11.050480287829725,18.421658462177703,-8.008776997496852,CNV
TCGA-B5-A0K2-01A-12R-A104-07,18.963033232199134,-0.9909992808051705,-24.289981948168915,MSI
TCGA-A5-A0GP-01A-11R-A040-07,1.388402656151733,-0.03408865410969503,-7.804603011446113,POLE
TCGA-AX-A05S-01A-11R-A00V-07,1.1236309036196614,-8.31563821936894,-4.284286076775918,MSI
TCGA-AX-A05Z-01A-11R-A00V-07,-3.187107452431035,-26.749187289653023,-8.902305635872368,POLE
TCGA-BG-A2AE-01A-11R-A16F-07,-16.765095343182487,6.554419799594528,-4.436979299925335,NSMP
TCGA-AX-A0J1-01A-11R-A040-07,7.232059147427287,-10.718229583163374,2.977888136526877,MSI
TCGA-AP-A052-01A-11R-A00V-07,-26.79920363971634,10.812749753870037,0.14533958344373285,CNV
TCGA-D1-A17S-01A-11R-A12I-07,23.81298009988245,-13.606563186785444,2.1263143653526506,NSMP
TCGA-EO-A1Y8-01A-11R-A157-07,-25.36585034069888,7.7497954715748,9.779646660180209,CNV
TCGA-AX-A05T-01A-11R-A00V-07,18.220166532993268,15.25494680742146,12.391356482828513,NSMP
TCGA-D1-A163-01A-11R-A12I-07,-6.598359170733467,-8.081365846790494,0.9695753391712433,MSI
TCGA-EY-A212-01A-11R-A14M-07,-27.630593318710297,19.280263182608067,-7.573361861859398,CNV
TCGA-BS-A0U5-01A-11R-A109-07,17.21464055202892,22.321517421331183,8.033193330059945,NSMP
TCGA-A5-A0R7-01A-31R-A16W-07,-6.686322728129126,-22.759291767073993,4.753281093506407,CNV
TCGA-D1-A16X-01A-11R-A12I-07,14.174239370037073,5.029411590243184,-21.421976288506837,POLE
TCGA-BG-A0M6-01A-31R-A104-07,-26.41133099233191,26.520256649401144,5.514932085088166,CNV
TCGA-BG-A0M7-01A-11R-A040-07,13.960440298909644,-1.8857527666967933,-19.08148021696352,NSMP
TCGA-AP-A0LE-01A-11R-A104-07,-3.2811304597877395,-34.310683956693765,8.704920375867182,MSI
TCGA-BG-A0MU-01A-11R-A104-07,11.649582173095585,-30.030480321962266,12.343362359445118,NSMP
TCGA-D1-A16G-01A-31R-A12I-07,-10.571683297797437,-6.311325732741934,-14.61722022263333,CNV
TCGA-D1-A1NX-01A-11R-A16F-07,-8.791468497289095,21.26650394884717,-9.723131437737681,CNV
TCGA-B5-A11O-01A-11R-A118-07,15.591288948199566,15.553297680380245,-9.093029070610367,NSMP
TCGA-AP-A0LH-01A-11R-A16W-07,-4.049132553291525,-3.234564929576547,-8.976913166745948,CNV
TCGA-D1-A161-01A-11R-A118-07,25.016579930181532,4.654109007470326,-2.3570911013265885,NSMP
TCGA-AP-A05N-01A-11R-A00V-07,-1.0362112061479867,-15.53125747247634,21.623727920189378,MSI
TCGA-B5-A11U-01A-11R-A118-07,-16.55630819497152,2.002014331368019,23.424200360723642,MSI
TCGA-D1-A15X-01A-11R-A118-07,-19.329519742921615,-21.147039543841725,-28.388419867929677,NSMP
TCGA-A5-A0VQ-01A-11R-A104-07,1.7571751327338208,-21.054229466046618,17.490146314513797,MSI
TCGA-B5-A0K7-01A-11R-A104-07,9.423953107265547,-8.514491869089719,12.695409808675615,NSMP
TCGA-BS-A0U7-01A-21R-A104-07,-1.002615707628705,-19.681967538352207,-7.667493446808904,MSI
TCGA-BK-A0CC-01A-21R-A277-07,-36.142808876154334,10.03617529969503,-0.7248514860334018,CNV
TCGA-A5-A0G5-01A-11R-A040-07,-25.508252294803814,-26.93829507232144,-30.96005627209849,CNV
TCGA-BG-A18C-01A-11R-A12I-07,-8.92049251087301,4.069261248379594,6.9959766029756025,CNV
TCGA-BG-A0LW-01A-11R-A16W-07,15.787655165857473,5.551891979089773,33.427690446755825,NSMP
TCGA-BG-A0VX-01A-11R-A118-07,10.752935245658804,10.107509200242692,21.979149589545766,NSMP
TCGA-A5-A0GA-01A-11R-A040-07,-11.76583372252824,-11.063584315972449,-4.006352684014455,MSI
TCGA-D1-A17K-01A-11R-A12I-07,-10.722439924199383,-0.5354780511720653,-5.558505102012596,CNV
TCGA-BS-A0TC-01A-11R-A104-07,29.08230385687252,4.741220710394102,-16.121341686738923,POLE
TCGA-D1-A169-01A-11R-A12I-07,8.19140090768695,-5.376235678487344,-11.014330813948199,CNV
TCGA-BG-A0M0-01A-11R-A104-07,9.325228442943917,-0.19654326460663932,8.718536669492917,MSI
TCGA-D1-A101-01A-12R-A10J-07,-0.4614362003758267,-9.5281501750363,-5.15654629665089,MSI
TCGA-AP-A0LO-01A-11R-A040-07,6.233510727629648,-9.53451597607603,0.8339154818429978,NSMP
TCGA-B5-A11Q-01A-11R-A118-07,4.623630533825481,-35.49241941383539,8.061206730838817,NSMP
TCGA-AP-A0LJ-01A-11R-A040-07,31.369539521042235,15.502317279639295,5.649046626111843,NSMP
TCGA-D1-A17Q-01A-11R-A12I-07,2.910257192397513,7.123306890531726,3.3579032825995583,POLE
TCGA-AP-A1DQ-01A-11R-A137-07,-12.391995007029319,26.12110611401414,5.517132695936923,CNV
TCGA-AP-A0LL-01A-12R-A104-07,2.6618040497814333,-41.37601736858958,17.622119536481414,NSMP
TCGA-AX-A2H5-01A-11R-A17B-07,-25.10792191267354,14.497222055915417,-11.739535698323657,CNV
TCGA-BG-A0M9-01A-21R-A104-07,26.73982613683494,13.56554450843295,-5.452891304602632,NSMP
TCGA-B5-A11H-01A-11R-A118-07,5.352650827708632,-9.6943462881489,-19.171627838931915,MSI
TCGA-D1-A17B-01A-22R-A12I-07,19.28612641169386,2.15477675208188,-21.557375008622305,MSI
TCGA-D1-A177-01A-21R-A12I-07,-7.56736832238809,-18.40010637001931,3.70887695776079,MSI
TCGA-BS-A0UT-01A-11R-A104-07,-12.213664288698956,-11.02360217358113,28.428119979260046,NSMP
TCGA-AP-A059-01A-21R-A118-07,-7.5412797524910555,-8.502079044438354,-26.356195661875418,POLE
TCGA-FI-A2D2-01A-11R-A17B-07,-19.462489073455163,11.299945123381706,0.1455674162269866,CNV
TCGA-D1-A0ZO-01A-11R-A118-07,28.40488367314649,12.057154622401654,-11.755446907402902,MSI
TCGA-AP-A051-01A-21R-A00V-07,2.4790106534741407,-12.172849599136155,4.050894885567295,POLE
TCGA-BK-A139-01C-08R-A277-07,-11.074425559154813,6.9696676109389,0.39437915668997414,CNV
TCGA-B5-A11Z-01A-11R-A10J-07,17.10071872192829,2.436821793124977,29.590007348815135,NSMP
TCGA-BG-A0W2-01A-11R-A109-07,21.912473043110925,10.867384051602807,21.564182492492833,NSMP
TCGA-AX-A063-01A-11R-A00V-07,5.181593769238185,-20.396900513463304,0.13655692315554482,MSI
TCGA-D1-A16O-01A-11R-A12I-07,20.987961364878227,0.4103368833659275,3.901308018376908,NSMP
TCGA-D1-A17A-01A-11R-A12I-07,11.443163400158745,1.0240593194212684,-8.762309176589252,MSI
TCGA-AP-A05J-01A-11R-A00V-07,-29.349252652081006,3.9458605272967797,-1.0194210677807023,CNV
TCGA-BK-A0C9-01A-11R-A00V-07,21.78261910940066,1.0806282240288325,-9.01362576457421,MSI
TCGA-B5-A0K4-01A-11R-A040-07,-9.67089577765643,-13.875147091372455,2.112363574152607,NSMP
TCGA-D1-A17U-01A-21R-A12I-07,19.85015833791272,1.7329998212543762,-5.724344231371068,MSI
TCGA-B5-A11S-01A-11R-A118-07,18.16012031835618,12.565669112756648,5.623550632013913,NSMP
TCGA-B5-A0K0-01A-11R-A16W-07,-3.0325648709611,-1.7340739474392042,33.02887678952223,NSMP
TCGA-D1-A16B-01A-11R-A12I-07,11.069327136012669,8.961084015749986,15.22836612749911,NSMP
TCGA-FI-A2EW-01A-11R-A17B-07,-19.557055088426125,-10.747558002665984,-13.51217397896252,CNV
TCGA-D1-A17M-01A-21R-A12I-07,1.8182390697110824,-8.486713407645993,12.631059567315958,MSI
TCGA-B5-A0K3-01A-11R-A040-07,-16.88508044583924,13.7356095503022,-15.956982028633437,CNV
TCGA-BG-A0M3-01A-11R-A104-07,7.912873302747017,-22.842553757338454,10.639515748369766,NSMP
TCGA-BG-A0MQ-01A-11R-A104-07,-0.03740789167144609,-6.268860170866885,6.1158150400994336,MSI
TCGA-A5-A0VP-01A-21R-A104-07,1.3627203797840846,-7.860855113099076,-7.326994739259384,MSI
TCGA-BS-A0TA-01A-11R-A104-07,0.3635480082613168,-9.452115354771406,-26.83328453376304,MSI
TCGA-BG-A0W1-01A-12R-A109-07,20.662858696841084,3.8054604619165473,-0.07222089791149057,NSMP
TCGA-A5-A0GH-01A-21R-A16W-07,-23.78902479992893,-0.7212147977286874,4.452283180317033,MSI
TCGA-AP-A0LT-01A-11R-A040-07,-4.52827172555073,-19.777593502839533,7.0682600287214274,MSI
TCGA-BG-A0MO-01A-11R-A040-07,14.265188133369842,-21.978392996715485,13.961380294616337,NSMP
TCGA-D1-A16I-01A-11R-A12I-07,-24.688352814280538,14.51064930607068,-6.230501157023949,CNV
TCGA-D1-A17R-01A-11R-A12I-07,-1.2104906909335098,-1.8323804027883162,25.50667030944771,MSI
TCGA-BK-A0CB-01A-32R-A104-07,0.7890394706690036,-12.185523838729925,21.024533644488958,NSMP
TCGA-D1-A16Q-01A-12R-A12I-07,13.029370458400109,-7.671891275349226,11.479298357491908,NSMP
TCGA-D1-A17D-01A-12R-A12I-07,22.536933222251502,-0.16303773975878924,-17.006308767279542,MSI
TCGA-BG-A0MG-01A-21R-A104-07,2.2356166000199584,19.247797192255454,-2.73252612443344,NSMP
TCGA-A5-A0RA-01A-21R-A104-07,28.633311084424715,23.069014982906587,-21.460384778484666,NSMP
TCGA-BS-A0UV-01A-11R-A16W-07,-8.439558903851456,11.565687951246876,-6.761461799003227,POLE
TCGA-A5-A0GN-01A-11R-A040-07,-0.32633362575216324,-33.62145898781927,8.900619754866833,CNV
TCGA-BG-A0MI-01A-11R-A040-07,7.647196505609319,7.330014179760161,25.188005060806088,NSMP
TCGA-BG-A0LX-01A-11R-A16W-07,-2.4274504716723726,-9.149671689870816,2.326328474312922,MSI
TCGA-BG-A0VT-01A-11R-A10J-07,6.9651228502639135,-16.027927736008376,27.995981453344214,NSMP
TCGA-AP-A0LG-01A-11R-A16W-07,-4.13798279866068,-7.74858481704655,20.39917482251868,MSI
TCGA-AX-A1C8-01A-11R-A137-07,-29.478564190600185,10.356497270661398,-1.9043877343045474,CNV
TCGA-AX-A060-01A-11R-A00V-07,4.530276962720356,-24.822550795194022,-0.5567101847112552,MSI
TCGA-D1-A15Z-01A-11R-A118-07,-4.726685870158257,11.023037114218146,34.04343843121217,NSMP
TCGA-BS-A0T9-01A-11R-A12I-07,-12.215955721595552,-3.602819546365393,26.098785003873086,NSMP
TCGA-A5-A0GQ-01A-11R-A118-07,25.973720481281926,2.457786416715739,-16.888374989102818,NSMP
TCGA-D1-A0ZU-01A-11R-A10J-07,6.097051553638296,5.567150182558904,27.6535760660445,NSMP
TCGA-B5-A11N-01A-11R-A118-07,-1.8152265810440733,-35.567848787508574,-16.683780891545457,POLE
TCGA-BG-A0YV-01A-11R-A10J-07,-11.793527837330391,33.17253693659974,-0.15838493560119427,CNV
TCGA-BS-A0TI-01A-11R-A104-07,0.5288405254989464,-11.008688133250061,-3.078597690467932,CNV
TCGA-AX-A05U-01A-11R-A00V-07,18.683505549535237,18.21947763330467,24.25359626144016,NSMP
TCGA-AX-A06H-01A-11R-A118-07,3.983444965244236,-23.76939622649931,-10.459111467575568,MSI
TCGA-BS-A0TJ-01A-11R-A104-07,-16.400727216980886,-0.3208722899200815,0.7978730921118007,MSI
TCGA-AP-A053-01A-21R-A00V-07,-24.554056545937517,14.274415633744518,6.115039473808084,CNV
TCGA-B5-A0K6-01A-11R-A040-07,15.408446953313506,-2.1210800025315995,8.818114181527838,MSI
TCGA-BS-A0UF-01A-11R-A104-07,-6.31803461223658,-12.763632634921052,-10.173424938734541,POLE
TCGA-AP-A0L9-01A-11R-A040-07,-20.172356154409155,24.194301057887646,-13.541386707745898,CNV
TCGA-D1-A17C-01A-11R-A12I-07,2.5020709183913743,-8.336307970368958,6.167672272771773,NSMP
TCGA-AX-A062-01A-11R-A00V-07,-7.824427433681718,-10.590526147817915,22.857962373433224,NSMP
TCGA-D1-A0ZP-01A-21R-A10J-07,-26.798113551950568,28.901885265903157,4.268919708907334,CNV
TCGA-D1-A168-01A-31R-A12I-07,-25.734004297263123,-5.778872345390009,10.99804984978374,NSMP
TCGA-AP-A0LD-01A-11R-A040-07,-23.879919237240706,-2.97264580805494,10.839566599758893,MSI
TCGA-D1-A176-01A-11R-A12I-07,18.80697515856351,3.8906687165786495,-3.4813897581485294,MSI
TCGA-B5-A0JT-01A-21R-A118-07,20.596050861895513,22.868938190401792,2.9508914229680063,NSMP
TCGA-B5-A11I-01A-11R-A10J-07,-22.491496369655216,9.455381444247157,-13.458533999739892,CNV
TCGA-BK-A13C-01A-11R-A118-07,21.24032329594039,12.527346469761001,3.2072508517027756,NSMP
TCGA-B5-A0K1-01A-11R-A16W-07,22.889451953133303,26.340103039335744,-6.125760108700634,NSMP
TCGA-D1-A165-01A-11R-A12I-07,24.0428025458262,17.413865936561553,8.255213975548454,NSMP
TCGA-B5-A0JZ-01A-11R-A040-07,6.792822346498515,-24.68001872676141,-11.719028977644742,MSI
TCGA-D1-A16N-01A-11R-A12I-07,-12.567520333068959,10.083654144097935,4.458368363512553,MSI
TCGA-AX-A0J0-01A-11R-A109-07,-11.3749737153088,2.312168465730746,10.189457888399648,POLE
TCGA-B5-A11G-01A-13R-A118-07,12.354223348838246,-18.830749974531727,-13.102613537948793,MSI
TCGA-DI-A0WH-01A-12R-A12I-07,-13.234750927001643,-4.800637717795588,12.024883967505565,MSI
TCGA-A5-A0R8-01A-11R-A104-07,19.636755211158672,6.19374627545194,-23.29733519746013,NSMP
TCGA-BG-A0M2-01A-11R-A104-07,22.022518862093825,-2.372606388745385,-2.548508306185196,NSMP
TCGA-BG-A220-01A-11R-A157-07,-17.805214055348095,10.164232798027035,14.463535716966947,MSI
TCGA-D1-A17T-01A-11R-A12I-07,18.714929254507418,10.59958778977045,7.801623593724973,NSMP
TCGA-AP-A056-01A-11R-A00V-07,-16.93042333559677,0.5129030734156389,-4.060764067285485,POLE
TCGA-A5-A0GE-01A-11R-A16W-07,21.821133599749892,7.395215105794024,-3.9003472272818986,NSMP
TCGA-D1-A16E-01A-22R-A12I-07,19.423556970492765,24.216837592469773,-18.96932456327849,NSMP
TCGA-A5-A0GJ-01A-11R-A040-07,2.5909801868660676,-22.175714923593965,-1.7198224096188972,CNV
TCGA-A5-A0GB-01A-11R-A040-07,-1.934322355979421,-12.053502828469506,3.9637158817701783,MSI
TCGA-AJ-A23M-01A-11R-A157-07,-30.666716706856928,26.52455620962648,-4.587318568117699,CNV
TCGA-D1-A0ZZ-01A-11R-A10J-07,-22.594027985759002,12.769282336950141,-2.207548829030771,CNV
TCGA-AP-A054-01A-11R-A16W-07,-25.74470263588091,10.324972827414706,17.42252573840542,MSI
TCGA-AX-A0IW-01A-11R-A040-07,-32.74926481512459,20.428884718694977,0.12023720755527066,CNV
TCGA-BS-A0WQ-01A-21R-A109-07,0.8063089547075445,-0.5183461945031698,28.581256209831636,NSMP
TCGA-AP-A0LI-01A-11R-A040-07,-26.171158811919668,-14.969023395059505,-26.573105114301917,CNV
TCGA-BG-A0VZ-01A-11R-A109-07,12.105816890008892,7.910438621359612,-8.44117946499283,MSI
TCGA-B5-A1MU-01A-11R-A13S-07,-25.14390793164395,9.345606498586967,-3.316702119786016,CNV
TCGA-D1-A15V-01A-11R-A118-07,-24.617388041701425,12.76232242469832,-8.318096570872033,CNV
TCGA-BG-A18A-01A-21R-A12I-07,19.530096833691612,16.29896186188148,-9.912116542689583,NSMP
TCGA-BS-A0UJ-01A-12R-A104-07,10.05136740678189,-25.489852062509904,4.7424167913051125,MSI
TCGA-BS-A0U8-01A-11R-A104-07,7.461268277327822,-20.407708951128516,9.811236879692423,MSI
TCGA-B5-A1MY-01A-11R-A144-07,-16.268052090904934,38.81130540833764,3.1974161857400785,CNV
TCGA-AP-A0LV-01A-11R-A040-07,11.64882626494489,11.745298593167634,22.62222015283248,NSMP
TCGA-EO-A1Y5-01A-11R-A157-07,-30.24068757721211,9.08854168481107,-14.554602323099866,CNV
TCGA-BS-A0U9-01B-21R-A10J-07,-26.764941920257392,17.404775311896604,4.139406815818638,CNV
TCGA-FI-A2F8-01A-12R-A17B-07,-18.12710272314318,9.65859292169522,-3.8628612423540303,CNV
TCGA-BG-A0VV-01A-21R-A118-07,31.20981043333954,16.159596567717,-11.184551337262873,NSMP
TCGA-BG-A18B-01A-11R-A12I-07,28.486152947881155,-2.601101193762538,-2.8788559757579213,MSI
TCGA-AX-A064-01A-11R-A00V-07,-2.456620496295212,-23.698245941174452,0.805864422839334,MSI
TCGA-AX-A1C7-01A-11R-A137-07,-29.885557450902766,6.055006807509721,-5.780060529830079,CNV
TCGA-B5-A11W-01A-12R-A118-07,30.28969511834618,6.898106808353987,-11.547758989372193,NSMP
TCGA-BK-A139-01A-11R-A118-07,-12.305553090304814,-2.9908953256373096,-16.61047567257039,CNV
TCGA-BK-A139-01A-11R-A277-07,-14.132834332169052,1.2779338639126903,-10.757511183810198,CNV
TCGA-BG-A186-01A-11R-A12I-07,6.724150246000953,-21.78279104496498,6.221359690696213,NSMP
TCGA-A5-A0GU-01A-11R-A16W-07,13.896146067487255,4.008241689496719,13.412605683398745,NSMP
TCGA-B5-A0JS-01A-11R-A104-07,29.711186264358812,3.8643093260465267,-9.863490964035265,NSMP
TCGA-D1-A174-01A-11R-A12I-07,8.209544814285717,-22.09566449560901,-15.913015300502511,MSI
TCGA-AX-A06B-01A-11R-A00V-07,-4.11257650510165,0.00931702054560249,-3.3768823237965986,CNV
